INSERT INTO country (id, name) VALUES
(1, 'Country 1'),
(2, 'Country 2'),
(3, 'Country 3'),
(4, 'Country 4'),
(5, 'Country 5');

INSERT INTO state (id, name, countryid) VALUES
(1, 'Country 1 - State 1', 1),
(2, 'Country 1 - State 2', 1),
(3, 'Country 1 - State 3', 1),
(4, 'Country 2 - State 1', 2),
(5, 'Country 2 - State 2', 2),
(6, 'Country 2 - State 3', 2),
(7, 'Country 3 - State 1', 3),
(8, 'Country 3 - State 2', 3),
(9, 'Country 3 - State 3', 3),
(10, 'Country 4 - State 1', 4),
(11, 'Country 4 - State 2', 4),
(12, 'Country 4 - State 3', 4),
(13, 'Country 5 - State 1', 5),
(14, 'Country 5 - State 2', 5),
(15, 'Country 5 - State 3', 5);

INSERT INTO city (id, name, stateid) VALUES
(1, 'Macys Finance', 1),
(2, 'Manhattan', 1),
(3, 'Empire State', 1),
(4, 'Ny', 2),
(5, 'Nyc', 2),
(6, 'Greeley Square', 2),
(7, 'New York City', 3),
(8, 'Ny City', 3),
(9, 'New York', 3),
(10, 'Knickerbocker', 4),
(11, 'Cooper', 4),
(12, 'Bowling Green', 4),
(13, 'Van Cott', 5),
(14, 'Mosholu', 5),
(15, 'Williamsbridge', 5),
(16, 'Allerton', 6),
(17, 'Wakefield', 6),
(18, 'Throggs Neck', 6),
(19, 'Spuyten Duyvil', 7),
(20, 'Riverdale', 7),
(21, 'Westchester', 7),
(22, 'Pilgrim', 8),
(23, 'Morris Park', 8),
(24, 'West Farms', 8),
(25, 'Crotona Park', 9),
(26, 'Longwood', 9),
(27, 'Morrisania', 9),
(28, 'Boulevard', 10),
(29, 'So Pole', 10),
(30, 'South Pole', 10),
(31, 'Business Reply', 11),
(32, 'Gracie', 11),
(33, 'Lenox Hill', 11),
(34, 'Midtown', 12),
(35, 'Bear Stearns', 12),
(36, 'Gpo Official Mail', 12),
(37, 'Bank Of New York Brm', 13),
(38, 'Bar Code Church Street', 13),
(39, 'Church Street Boxes', 13),
(40, 'Deutsche Bank', 14),
(41, 'European American Bank', 14),
(42, 'Stadium', 14),
(43, 'Mott Haven', 15),
(44, 'Hub', 15),
(45, 'Bache Halsey Stuart Shields', 15);
